{"cameraMode":{"drawMode":0,"name":"Shaded","section":"Shading Mode"},"sceneLighting":true,"audioPlay":false,"sceneViewState":{"m_AlwaysRefresh":false,"showFog":true,"showSkybox":true,"showFlares":true,"showImageEffects":true,"showParticleSystems":true,"showVisualEffectGraphs":true,"m_FxEnabled":true},"in2DMode":false,"pivot":{"x":-3.5375471115112306,"y":1.4144549369812012,"z":5.498626232147217},"rotation":{"x":0.18819591403007508,"y":0.10818270593881607,"z":-0.020861614495515825,"w":0.975932240486145},"size":17.741689682006837,"orthographic":true}